code,code_20km,massif_ha,part_loin_voie,part_loin_piste,part_loin_eau,part_resineux,pistes_km,densite_pistes_m_ha,points_eau,brule_2022_ha,dnbr_moyen,obligations_old,obligations_prioritaires,constructions,indice_vigilance
DE42C7,DE42,342.3,0.016,0.025,1.0,0.264,8.2,23.9,0,0.0,,2,1,2,32.0
DE42C8,DE42,369.7,0.0,0.0,1.0,0.45,12.4,33.5,0,0.0,,1,1,1,36.0
DE42C9,DE42,363.7,0.0,0.0,1.0,0.528,12.8,35.2,0,0.0,,0,0,0,38.0
DE44C0,DE44,298.6,0.0,0.224,1.0,0.771,8.9,29.7,0,0.0,,1,1,1,44.0
DE44C1,DE44,189.1,0.029,1.0,1.0,0.301,0.0,0.0,0,0.0,,2,1,10,34.0
DE44C2,DE44,378.4,0.01,1.0,1.0,0.514,0.0,0.0,0,0.0,,0,0,0,38.0
DE44C3,DE44,348.3,0.0,1.0,1.0,0.443,0.0,0.0,0,0.0,,0,0,272,54.0
DE44C4,DE44,378.8,0.0,1.0,1.0,0.587,0.0,0.0,0,0.0,,0,0,8,40.0
DE44C5,DE44,359.8,0.0,1.0,1.0,0.613,0.0,0.0,0,0.0,,0,0,439,60.0
DE44C6,DE44,361.6,0.0,1.0,0.854,0.567,0.0,0.0,0,0.0,,0,0,299,55.0
DE44C7,DE44,208.7,0.0,1.0,0.216,0.402,0.0,0.0,16,0.0,,0,0,1677,35.0
DE44C8,DE44,345.2,0.0,1.0,0.285,0.573,0.0,0.0,2,0.0,,0,0,352,41.0
DE44C9,DE44,361.6,0.0,1.0,1.0,0.282,0.0,0.0,0,0.0,,0,0,200,45.0
DE46C0,DE46,359.1,0.0,1.0,1.0,0.33,0.0,0.0,0,0.0,,0,0,199,47.0
DE46C1,DE46,379.9,0.0,1.0,1.0,0.31,0.0,0.0,0,0.0,,0,0,2,33.0
DE46C2,DE46,296.8,0.0,1.0,1.0,0.195,0.0,0.0,0,0.0,,0,0,29,32.0
DE42D7,DE42,328.2,0.001,0.029,1.0,0.416,5.6,17.2,0,0.0,,1,1,1,36.0
DE42D8,DE42,321.3,0.0,0.0,0.925,0.348,7.7,24.1,0,0.0,,180,39,276,50.0
DE42D9,DE42,306.5,0.0,0.0,0.441,0.29,11.8,38.5,3,0.0,,223,42,333,38.0
DE44D0,DE44,371.5,0.0,0.519,0.923,0.644,5.2,13.9,0,0.0,,70,43,116,47.0
DE44D1,DE44,388.9,0.0,1.0,1.0,0.411,0.0,0.0,0,0.0,,7,7,18,36.0
DE44D2,DE44,339.5,0.0,1.0,1.0,0.434,0.0,0.0,0,0.0,,28,28,64,40.0
DE44D3,DE44,291.5,0.0,1.0,1.0,0.454,0.0,0.0,0,0.0,,4,4,5,37.0
DE44D4,DE44,358.8,0.0,1.0,0.361,0.686,0.0,0.0,2,0.0,,0,0,4,26.0
DE44D5,DE44,376.2,0.0,1.0,0.804,0.459,0.0,0.0,0,0.0,,0,0,4,32.0
DE44D6,DE44,316.9,0.0,1.0,0.657,0.521,0.0,0.0,0,0.0,,0,0,109,37.0
DE44D7,DE44,256.8,0.0,1.0,0.08,0.427,0.0,0.0,17,0.0,,0,0,1039,33.0
DE44D8,DE44,295.2,0.0,1.0,0.03,0.438,0.0,0.0,3,0.0,,0,0,562,32.0
DE44D9,DE44,360.5,0.0,1.0,0.917,0.489,0.0,0.0,0,0.0,,0,0,75,40.0
DE46D0,DE46,382.1,0.0,1.0,1.0,0.449,0.0,0.0,0,0.0,,0,0,3,36.0
DE46D1,DE46,367.0,0.0,1.0,1.0,0.263,0.0,0.0,0,0.0,,0,0,0,32.0
DE46D2,DE46,252.9,0.0,1.0,1.0,0.13,0.0,0.0,0,0.0,,0,0,174,40.0
DE42E7,DE42,321.6,0.0,0.0,1.0,0.431,11.2,34.7,0,0.0,,184,48,274,54.0
DE42E8,DE42,361.9,0.0,0.0,0.556,0.491,10.5,29.1,1,0.0,,120,49,184,38.0
DE42E9,DE42,335.4,0.0,0.004,0.495,0.799,13.9,41.5,3,0.0,,105,19,154,43.0
DE44E0,DE44,378.4,0.0,0.451,0.948,0.758,5.7,15.0,0,0.0,,6,6,19,44.0
DE44E1,DE44,373.5,0.0,1.0,1.0,0.738,0.0,0.0,0,0.0,,0,0,0,43.0
DE44E2,DE44,369.0,0.0,1.0,0.775,0.774,0.0,0.0,1,0.0,,8,6,26,40.0
DE44E3,DE44,382.0,0.0,1.0,0.76,0.659,0.0,0.0,0,0.0,,7,7,13,36.0
DE44E4,DE44,391.1,0.0,1.0,0.655,0.246,0.0,0.0,0,0.0,,6,6,16,24.0
DE44E5,DE44,382.9,0.0,1.0,0.55,0.439,0.0,0.0,1,0.0,,22,4,37,27.0
DE44E6,DE44,324.4,0.0,1.0,0.209,0.659,0.0,0.0,3,0.0,,67,22,136,31.0
DE44E7,DE44,381.5,0.0,1.0,0.993,0.679,0.0,0.0,0,0.0,,0,0,1,42.0
DE44E8,DE44,376.6,0.0,1.0,0.903,0.528,0.0,0.0,0,0.0,,0,0,4,36.0
DE44E9,DE44,398.8,0.0,1.0,1.0,0.601,0.0,0.0,0,0.0,,0,0,0,40.0
DE46E0,DE46,391.5,0.0,1.0,1.0,0.503,0.0,0.0,0,0.0,,0,0,8,38.0
DE46E1,DE46,398.6,0.0,1.0,1.0,0.327,0.0,0.0,0,0.0,,0,0,0,33.0
DE46E2,DE46,368.9,0.0,1.0,1.0,0.107,0.0,0.0,0,0.0,,0,0,129,36.0
DE42F7,DE42,362.2,0.0,0.0,1.0,0.542,12.2,33.7,0,0.0,,67,56,123,47.0
DE42F8,DE42,393.7,0.0,0.0,0.807,0.685,11.7,29.6,0,0.0,,13,4,16,38.0
DE42F9,DE42,382.0,0.0,0.0,0.502,0.496,15.2,39.9,1,0.0,,87,14,132,34.0
DE44F0,DE44,392.0,0.0,0.092,1.0,0.676,10.4,26.6,0,0.0,,0,0,0,42.0
DE44F1,DE44,391.6,0.0,0.848,1.0,0.608,0.8,2.0,0,11.7,0.357,0,0,0,40.0
DE44F2,DE44,386.7,0.0,1.0,0.741,0.523,0.0,0.0,0,63.0,0.412,4,4,7,32.0
DE44F3,DE44,349.6,0.0,1.0,0.042,0.467,0.0,0.0,4,83.7,0.501,229,9,411,33.0
DE44F4,DE44,217.6,0.0,1.0,0.0,0.223,0.0,0.0,24,0.0,,909,3,1599,26.0
DE44F5,DE44,284.3,0.0,1.0,0.118,0.452,0.0,0.0,5,0.0,,470,10,912,34.0
DE44F6,DE44,371.7,0.0,1.0,0.834,0.741,0.0,0.0,0,0.0,,64,59,134,48.0
DE44F7,DE44,381.2,0.0,1.0,1.0,0.635,0.0,0.0,0,0.0,,2,2,3,41.0
DE44F8,DE44,368.4,0.0,1.0,0.76,0.365,0.0,0.0,1,0.0,,0,0,187,41.0
DE44F9,DE44,381.8,0.0,1.0,0.773,0.679,0.0,0.0,0,0.0,,0,0,58,40.0
DE46F0,DE46,390.6,0.0,1.0,0.827,0.322,0.0,0.0,0,0.0,,0,0,54,32.0
DE46F1,DE46,374.4,0.0,1.0,0.512,0.332,0.0,0.0,1,0.0,,0,0,51,25.0
DE46F2,DE46,181.8,0.0,1.0,1.0,0.257,0.0,0.0,0,0.0,,0,0,34,34.0
DE42G7,DE42,362.4,0.0,0.0,1.0,0.497,10.3,28.4,0,0.0,,61,52,140,47.0
DE42G8,DE42,346.3,0.0,0.0,0.983,0.612,9.6,27.8,0,0.0,,23,23,41,43.0
DE42G9,DE42,388.5,0.0,0.0,0.646,0.35,12.5,32.1,1,0.0,,38,18,67,29.0
DE44G0,DE44,395.9,0.0,0.0,0.753,0.618,9.3,23.5,0,4.3,0.385,10,10,15,35.0
DE44G1,DE44,351.3,0.0,0.378,1.0,0.545,3.6,10.3,0,387.0,0.502,63,36,114,46.0
DE44G2,DE44,392.2,0.0,1.0,0.648,0.669,0.0,0.0,0,399.2,0.47,9,9,14,34.0
DE44G3,DE44,378.4,0.0,1.0,0.467,0.7,0.0,0.0,1,387.4,0.538,31,31,52,33.0
DE44G4,DE44,341.0,0.0,1.0,0.449,0.659,0.0,0.0,4,283.6,0.501,238,44,359,48.0
DE44G5,DE44,333.1,0.0,1.0,0.491,0.632,0.0,0.0,4,3.6,0.319,283,48,467,48.0
DE44G6,DE44,397.5,0.0,1.0,0.804,0.84,0.0,0.0,0,0.0,,5,5,10,42.0
DE44G7,DE44,394.4,0.0,1.0,1.0,0.737,0.0,0.0,0,0.0,,2,2,3,44.0
DE44G8,DE44,332.6,0.0,1.0,0.365,0.441,0.0,0.0,4,0.0,,24,10,419,40.0
DE44G9,DE44,313.5,0.0,1.0,0.057,0.547,0.0,0.0,4,0.0,,0,0,369,35.0
DE46G0,DE46,183.3,0.0,1.0,0.063,0.559,0.0,0.0,9,0.0,,0,0,2110,36.0
DE46G1,DE46,372.1,0.0,1.0,0.724,0.66,0.0,0.0,0,0.0,,0,0,36,37.0
DE46G2,DE46,131.4,0.0,1.0,1.0,0.688,0.0,0.0,0,0.0,,0,0,9,43.0
DE42H7,DE42,383.4,0.0,0.0,1.0,0.523,12.8,33.4,0,0.0,,40,30,80,43.0
DE42H8,DE42,385.7,0.0,0.0,1.0,0.207,15.2,39.3,0,0.0,,0,0,0,30.0
DE42H9,DE42,396.2,0.0,0.0,0.723,0.29,9.0,22.8,0,0.0,,2,0,2,25.0
DE44H0,DE44,379.0,0.0,0.003,0.351,0.348,6.8,18.0,1,2.0,0.276,64,17,118,25.0
DE44H1,DE44,395.0,0.0,0.278,0.974,0.422,6.3,16.1,0,377.7,0.683,3,3,5,35.0
DE44H2,DE44,374.4,0.0,1.0,0.804,0.555,0.0,0.0,0,399.2,0.538,78,31,127,42.0
DE44H3,DE44,375.2,0.0,1.0,0.512,0.759,0.0,0.0,4,399.2,0.47,66,2,119,40.0
DE44H4,DE44,397.9,0.0,1.0,1.0,0.786,0.0,0.0,0,398.7,0.546,0,0,0,45.0
DE44H5,DE44,354.6,0.0,1.0,1.0,0.605,0.0,0.0,0,58.7,0.535,25,21,33,42.0
DE44H6,DE44,393.4,0.0,1.0,1.0,0.587,0.0,0.0,0,0.0,,14,8,26,41.0
DE44H7,DE44,399.9,0.0,1.0,1.0,0.604,0.0,0.0,0,0.0,,1,1,1,40.0
DE44H8,DE44,391.8,0.0,1.0,0.829,0.544,0.0,0.0,0,0.0,,1,1,50,38.0
DE44H9,DE44,368.2,0.0,1.0,0.098,0.609,0.0,0.0,5,0.0,,0,0,177,29.0
DE46H0,DE46,373.8,0.0,1.0,0.608,0.626,0.0,0.0,1,0.0,,0,0,90,37.0
DE46H1,DE46,364.0,0.0,1.0,1.0,0.799,0.0,0.0,0,0.0,,0,0,68,50.0
DE46H2,DE46,355.6,0.0,1.0,1.0,0.606,0.0,0.0,0,0.0,,0,0,36,43.0
DE42K7,DE42,349.7,0.0,0.0,1.0,0.265,10.1,28.9,0,0.0,,20,11,53,35.0
DE42K8,DE42,286.1,0.0,0.0,1.0,0.401,17.4,60.7,0,0.0,,1,1,9,36.0
DE42K9,DE42,387.6,0.0,0.0,1.0,0.54,14.5,37.5,0,0.0,,2,2,2,39.0
DE44K0,DE44,356.3,0.0,0.0,1.0,0.446,12.8,36.0,0,0.0,,56,33,91,42.0
DE44K1,DE44,314.3,0.0,0.179,1.0,0.672,8.0,25.3,0,199.2,0.605,1,1,1,42.0
DE44K2,DE44,375.5,0.0,1.0,0.946,0.547,0.0,0.0,0,399.2,0.597,23,14,63,42.0
DE44K3,DE44,358.7,0.0,1.0,0.81,0.512,0.0,0.0,0,399.2,0.551,73,33,124,41.0
DE44K4,DE44,390.0,0.0,1.0,1.0,0.588,0.0,0.0,0,399.2,0.505,22,20,42,43.0
DE44K5,DE44,376.4,0.0,1.0,1.0,0.588,0.0,0.0,0,288.2,0.573,16,16,36,42.0
DE44K6,DE44,388.2,0.0,1.0,1.0,0.706,0.0,0.0,0,1.1,0.33,8,8,16,44.0
DE44K7,DE44,399.3,0.0,1.0,1.0,0.686,0.0,0.0,0,0.0,,3,3,4,42.0
DE44K8,DE44,342.8,0.0,1.0,0.744,0.395,0.0,0.0,1,0.0,,2,2,340,48.0
DE44K9,DE44,326.5,0.0,1.0,0.202,0.455,0.0,0.0,5,0.0,,0,0,379,36.0
DE46K0,DE46,387.6,0.0,1.0,0.896,0.513,0.0,0.0,0,0.0,,0,0,30,37.0
DE46K1,DE46,311.8,0.0,1.0,1.0,0.516,0.0,0.0,0,0.0,,0,0,0,38.0
DE46K2,DE46,178.4,0.0,1.0,1.0,0.644,0.0,0.0,0,0.0,,0,0,1,41.0
DE42L7,DE42,368.6,0.0,0.0,0.538,0.51,13.0,35.4,1,0.0,,0,0,190,39.0
DE42L8,DE42,332.4,0.0,0.0,0.752,0.57,12.8,38.5,0,0.0,,0,0,3,33.0
DE42L9,DE42,386.7,0.0,0.0,0.602,0.392,13.2,34.2,1,0.0,,45,22,67,29.0
DE44L0,DE44,353.2,0.0,0.0,0.756,0.624,17.1,48.5,0,0.0,,5,5,9,35.0
DE44L1,DE44,278.8,0.0,0.28,1.0,0.622,8.2,29.3,0,43.4,0.428,3,3,6,41.0
DE44L2,DE44,393.7,0.0,0.815,1.0,0.389,0.3,0.7,0,257.7,0.606,26,17,46,38.0
DE44L3,DE44,398.9,0.001,1.0,1.0,0.396,0.0,0.0,0,399.2,0.675,0,0,0,35.0
DE44L4,DE44,387.2,0.0,1.0,1.0,0.651,0.0,0.0,0,399.2,0.48,32,29,64,46.0
DE44L5,DE44,385.4,0.0,1.0,0.999,0.676,0.0,0.0,0,394.3,0.542,0,0,0,42.0
DE44L6,DE44,387.2,0.0,1.0,0.999,0.845,0.0,0.0,0,27.1,0.483,3,3,3,46.0
DE44L7,DE44,387.6,0.0,1.0,1.0,0.518,0.0,0.0,0,0.0,,12,12,29,40.0
DE44L8,DE44,393.9,0.0,1.0,1.0,0.508,0.0,0.0,0,0.0,,6,6,21,39.0
DE44L9,DE44,388.9,0.0,1.0,1.0,0.572,0.0,0.0,0,0.0,,0,0,25,41.0
DE46L0,DE46,380.0,0.0,1.0,1.0,0.64,0.0,0.0,0,0.0,,0,0,4,41.0
DE46L1,DE46,47.3,0.0,1.0,1.0,0.52,0.0,0.0,0,0.0,,0,0,7,38.0
DE46L2,DE46,141.5,0.0,1.0,1.0,0.647,0.0,0.0,0,0.0,,0,0,44,44.0
DE62A7,DE62,344.7,0.0,0.0,0.931,0.577,11.0,32.0,0,0.0,,0,0,74,43.0
DE62A8,DE62,351.6,0.0,0.0,0.979,0.466,16.5,46.8,0,0.0,,0,0,4,36.0
DE62A9,DE62,361.0,0.0,0.0,0.501,0.57,9.4,26.1,2,0.0,,66,14,99,33.0
DE64A0,DE64,383.2,0.0,0.0,0.801,0.482,16.2,42.3,0,0.0,,44,29,70,37.0
DE64A1,DE64,397.4,0.0,0.0,1.0,0.708,9.3,23.5,0,0.0,,0,0,0,43.0
DE64A2,DE64,341.4,0.0,0.81,1.0,0.541,0.2,0.7,0,40.1,0.456,16,14,27,40.0
DE64A3,DE64,383.1,0.0,1.0,0.912,0.451,0.0,0.0,0,342.1,0.587,22,21,41,37.0
DE64A4,DE64,387.3,0.0,1.0,0.902,0.672,0.0,0.0,0,347.9,0.556,3,0,0,39.0
DE64A5,DE64,357.0,0.0,1.0,0.506,0.516,0.0,0.0,7,338.5,0.555,283,5,407,46.0
DE64A6,DE64,368.7,0.0,1.0,0.443,0.554,0.0,0.0,2,4.4,0.366,41,6,82,30.0
DE64A7,DE64,391.7,0.0,1.0,1.0,0.182,0.0,0.0,0,0.0,,1,1,2,30.0
DE64A8,DE64,339.2,0.0,1.0,1.0,0.495,0.0,0.0,0,0.0,,8,8,19,39.0
DE64A9,DE64,218.6,0.0,1.0,1.0,0.775,0.0,0.0,0,0.0,,4,4,13,45.0
DE66A0,DE66,192.4,0.0,1.0,1.0,0.563,0.0,0.0,0,0.0,,0,0,0,39.0
DE66A1,DE66,244.4,0.0,1.0,1.0,0.957,0.0,0.0,0,0.0,,0,0,4,49.0
DE66A2,DE66,396.8,0.0,1.0,1.0,0.828,0.0,0.0,0,0.0,,0,0,2,46.0
DE62B7,DE62,298.6,0.0,0.0,1.0,0.536,12.7,42.4,0,0.0,,0,0,51,42.0
DE62B8,DE62,248.0,0.0,0.0,1.0,0.432,11.7,47.2,0,0.0,,0,0,1,36.0
DE62B9,DE62,169.9,0.0,0.0,1.0,0.907,9.6,56.3,0,0.0,,6,5,12,48.0
DE64B0,DE64,268.9,0.0,0.0,1.0,0.783,8.9,33.1,0,0.0,,12,12,25,46.0
DE64B1,DE64,396.8,0.0,0.105,1.0,0.622,7.9,19.8,0,0.0,,2,2,3,41.0
DE64B2,DE64,371.3,0.0,0.984,1.0,0.451,0.0,0.0,0,15.2,0.482,5,5,17,37.0
DE64B3,DE64,278.1,0.0,1.0,0.496,0.575,0.0,0.0,6,78.0,0.462,375,17,544,47.0
DE64B4,DE64,254.3,0.0,1.0,0.479,0.313,0.0,0.0,4,61.0,0.55,350,18,554,40.0
DE64B5,DE64,371.0,0.0,1.0,0.673,0.365,0.0,0.0,2,367.2,0.597,84,20,136,35.0
DE64B6,DE64,368.3,0.0,1.0,0.179,0.484,0.0,0.0,3,39.3,0.467,57,24,81,22.0
DE64B7,DE64,388.4,0.0,1.0,0.782,0.447,0.0,0.0,0,0.0,,23,22,32,33.0
DE64B8,DE64,381.2,0.0,1.0,0.669,0.553,0.0,0.0,0,0.0,,43,20,84,36.0
DE64B9,DE64,389.2,0.0,1.0,0.981,0.592,0.0,0.0,0,0.0,,13,10,27,41.0
DE66B0,DE66,30.0,0.0,1.0,1.0,0.705,0.0,0.0,0,0.0,,3,3,7,43.0
DE66B1,DE66,49.4,0.0,1.0,1.0,0.93,0.0,0.0,0,0.0,,0,0,17,49.0
DE66B2,DE66,315.9,0.0,1.0,1.0,0.767,0.0,0.0,0,0.0,,0,0,10,45.0
DE62C7,DE62,320.2,0.0,0.0,1.0,0.626,9.5,29.7,0,0.0,,0,0,1,41.0
DE62C8,DE62,256.8,0.0,0.233,1.0,0.707,4.8,18.5,0,0.0,,0,0,0,43.0
DE62C9,DE62,91.3,0.0,0.931,1.0,0.813,0.0,0.0,0,0.0,,0,0,1,45.0
DE64C0,DE64,205.9,0.0,0.965,1.0,0.546,0.0,0.0,0,0.0,,0,0,1,39.0
DE64C1,DE64,380.1,0.0,0.941,1.0,0.406,0.0,0.0,0,1.9,0.503,9,9,16,36.0
DE64C2,DE64,379.0,0.0,1.0,1.0,0.364,0.0,0.0,0,232.0,0.494,8,8,16,35.0
DE64C3,DE64,322.4,0.0,1.0,0.92,0.39,0.0,0.0,0,378.7,0.48,41,9,78,38.0
DE64C4,DE64,333.0,0.0,1.0,0.933,0.436,0.0,0.0,0,326.3,0.529,1,1,1,34.0
DE64C5,DE64,390.3,0.0,1.0,1.0,0.491,0.0,0.0,0,399.2,0.647,1,1,1,37.0
DE64C6,DE64,377.8,0.0,1.0,1.0,0.429,0.0,0.0,0,130.7,0.524,23,21,34,38.0
DE64C7,DE64,390.5,0.0,1.0,1.0,0.662,0.0,0.0,0,0.0,,7,4,13,42.0
DE64C8,DE64,368.6,0.0,1.0,0.488,0.596,0.0,0.0,2,0.0,,62,3,103,34.0
DE64C9,DE64,361.3,0.0,1.0,0.926,0.531,0.0,0.0,0,0.0,,30,20,53,40.0
DE66C0,DE66,177.1,0.0,1.0,1.0,0.427,0.0,0.0,0,0.0,,14,13,41,38.0
DE66C1,DE66,91.5,0.0,1.0,0.785,0.655,0.0,0.0,0,0.0,,0,0,37,38.0
DE66C2,DE66,331.0,0.0,1.0,0.956,0.482,0.0,0.0,0,0.0,,0,0,62,40.0
DE62D7,DE62,194.3,0.0,0.078,1.0,0.589,8.5,44.0,0,0.0,,0,0,8,40.0
DE62D8,DE62,333.3,0.0,0.905,1.0,0.795,0.0,0.1,0,0.0,,0,0,0,45.0
DE62D9,DE62,175.1,0.0,1.0,1.0,0.623,0.0,0.0,0,0.0,,4,4,9,41.0
DE64D0,DE64,395.1,0.0,1.0,0.994,0.644,0.0,0.0,0,0.0,,1,1,1,41.0
DE64D1,DE64,374.3,0.0,1.0,0.818,0.421,0.0,0.0,0,0.0,,99,12,178,43.0
DE64D2,DE64,367.9,0.0,1.0,1.0,0.424,0.0,0.0,0,119.0,0.431,8,8,15,37.0
DE64D3,DE64,376.0,0.0,1.0,1.0,0.536,0.0,0.0,0,377.4,0.43,19,17,42,41.0
DE64D4,DE64,388.2,0.0,1.0,1.0,0.544,0.0,0.0,0,336.8,0.424,28,18,54,42.0
DE64D5,DE64,370.9,0.0,1.0,1.0,0.184,0.0,0.0,0,256.2,0.543,69,30,161,40.0
DE64D6,DE64,360.2,0.0,1.0,1.0,0.441,0.0,0.0,0,68.8,0.474,1,1,1,36.0
DE64D7,DE64,392.2,0.0,1.0,0.812,0.489,0.0,0.0,0,0.0,,15,2,21,34.0
DE64D8,DE64,370.9,0.0,1.0,0.459,0.413,0.0,0.0,1,0.0,,124,9,205,35.0
DE64D9,DE64,370.4,0.0,1.0,1.0,0.616,0.0,0.0,0,0.0,,0,0,0,40.0
DE66D0,DE66,312.1,0.0,1.0,1.0,0.435,0.0,0.0,0,0.0,,20,20,40,39.0
DE66D1,DE66,374.0,0.0,1.0,0.609,0.553,0.0,0.0,1,0.0,,0,0,66,33.0
DE66D2,DE66,302.0,0.0,1.0,0.631,0.397,0.0,0.0,0,0.0,,0,0,901,46.0
DE62E7,DE62,206.5,0.0,0.861,1.0,0.427,0.7,3.3,0,0.0,,4,4,19,37.0
DE62E8,DE62,330.8,0.0,1.0,1.0,0.426,0.0,0.0,0,0.0,,0,0,0,36.0
DE62E9,DE62,371.2,0.0,1.0,1.0,0.551,0.0,0.0,0,0.0,,12,12,33,41.0
DE64E0,DE64,388.2,0.0,1.0,0.959,0.609,0.0,0.0,0,0.0,,29,28,49,42.0
DE64E1,DE64,335.1,0.0,1.0,0.454,0.377,0.0,0.0,1,12.6,0.393,92,27,173,32.0
DE64E2,DE64,329.5,0.0,1.0,1.0,0.36,0.0,0.0,0,363.2,0.511,20,20,34,36.0
DE64E3,DE64,393.4,0.0,1.0,1.0,0.453,0.0,0.0,0,399.2,0.548,9,9,17,37.0
DE64E4,DE64,378.5,0.0,1.0,0.596,0.435,0.0,0.0,1,239.1,0.49,65,22,132,35.0
DE64E5,DE64,337.9,0.0,1.0,0.442,0.283,0.0,0.0,1,113.6,0.437,232,79,416,38.0
DE64E6,DE64,388.9,0.0,1.0,1.0,0.418,0.0,0.0,0,23.1,0.438,1,1,2,36.0
DE64E7,DE64,396.2,0.0,1.0,0.997,0.664,0.0,0.0,0,0.0,,0,0,0,42.0
DE64E8,DE64,366.2,0.0,1.0,0.955,0.543,0.0,0.0,0,0.0,,11,11,15,38.0
DE64E9,DE64,387.7,0.0,1.0,0.892,0.563,0.0,0.0,0,0.0,,9,9,19,38.0
DE66E0,DE66,311.0,0.0,1.0,0.779,0.441,0.0,0.0,0,0.0,,25,13,41,33.0
DE66E1,DE66,397.4,0.0,1.0,1.0,0.418,0.0,0.0,0,0.0,,0,0,0,35.0
DE66E2,DE66,349.5,0.0,1.0,1.0,0.367,0.0,0.0,0,0.0,,0,0,146,44.0
DE62F7,DE62,218.7,0.0,0.989,1.0,0.433,0.0,0.2,0,0.0,,8,6,44,39.0
DE62F8,DE62,329.0,0.0,1.0,1.0,0.701,0.0,0.0,0,0.0,,3,3,4,43.0
DE62F9,DE62,395.0,0.0,1.0,1.0,0.83,0.0,0.0,0,0.0,,10,10,15,47.0
DE64F0,DE64,386.2,0.0,1.0,1.0,0.677,0.0,0.0,0,0.0,,26,26,58,46.0
DE64F1,DE64,377.2,0.0,1.0,1.0,0.366,0.0,0.0,0,47.8,0.478,45,22,88,40.0
DE64F2,DE64,391.4,0.0,1.0,1.0,0.638,0.0,0.0,0,376.3,0.502,21,20,39,44.0
DE64F3,DE64,399.5,0.0,1.0,1.0,0.686,0.0,0.0,0,399.2,0.537,1,1,1,42.0
DE64F4,DE64,301.5,0.0,1.0,1.0,0.483,0.0,0.0,0,399.2,0.44,4,4,17,38.0
DE64F5,DE64,386.6,0.0,1.0,0.997,0.346,0.0,0.0,0,380.9,0.506,20,19,43,36.0
DE64F6,DE64,397.5,0.0,1.0,1.0,0.379,0.0,0.0,0,330.0,0.513,0,0,0,34.0
DE64F7,DE64,394.6,0.001,1.0,1.0,0.485,0.0,0.0,0,185.6,0.413,10,10,14,38.0
DE64F8,DE64,389.2,0.0,1.0,1.0,0.421,0.0,0.0,0,75.1,0.474,26,13,48,39.0
DE64F9,DE64,364.8,0.0,1.0,0.279,0.47,0.0,0.0,1,0.0,,121,29,209,33.0
DE66F0,DE66,293.2,0.0,1.0,0.562,0.313,0.0,0.0,3,0.0,,618,39,957,42.0
DE66F1,DE66,368.6,0.0,1.0,1.0,0.386,0.0,0.0,0,0.0,,52,40,102,41.0
DE66F2,DE66,307.5,0.0,1.0,1.0,0.552,0.0,0.0,0,0.0,,0,0,106,46.0
DE62G7,DE62,132.2,0.0,1.0,1.0,0.962,0.0,0.0,0,0.0,,1,1,4,49.0
DE62G8,DE62,390.8,0.0,1.0,1.0,0.843,0.0,0.0,0,0.0,,9,9,14,47.0
DE62G9,DE62,398.2,0.0,1.0,1.0,0.733,0.0,0.0,0,0.0,,5,5,5,44.0
DE64G0,DE64,382.4,0.0,1.0,1.0,0.655,0.0,0.0,0,0.0,,49,22,79,47.0
DE64G1,DE64,391.5,0.0,1.0,1.0,0.561,0.0,0.0,0,71.8,0.445,41,40,69,44.0
DE64G2,DE64,399.5,0.003,1.0,1.0,0.389,0.0,0.0,0,399.1,0.503,0,0,0,35.0
DE64G3,DE64,397.2,0.0,1.0,0.779,0.62,0.0,0.0,0,399.2,0.44,7,5,6,35.0
DE64G4,DE64,384.6,0.0,1.0,0.852,0.469,0.0,0.0,0,399.2,0.138,33,32,72,38.0
DE64G5,DE64,398.3,0.0,1.0,1.0,0.518,0.0,0.0,0,399.2,0.426,0,0,0,38.0
DE64G6,DE64,375.4,0.0,1.0,0.808,0.573,0.0,0.0,0,399.2,0.4,60,42,108,42.0
DE64G7,DE64,370.8,0.0,1.0,0.578,0.437,0.0,0.0,1,399.2,0.474,69,10,113,33.0
DE64G8,DE64,398.9,0.0,1.0,1.0,0.364,0.0,0.0,0,291.0,0.588,1,1,4,34.0
DE64G9,DE64,393.9,0.0,1.0,1.0,0.501,0.0,0.0,0,0.0,,9,9,11,38.0
DE66G0,DE66,377.6,0.0,1.0,1.0,0.217,0.0,0.0,0,0.0,,51,16,92,37.0
DE66G1,DE66,356.0,0.0,1.0,1.0,0.376,0.0,0.0,0,0.0,,5,5,109,42.0
DE66G2,DE66,161.9,0.0,1.0,1.0,0.08,0.0,0.0,0,0.0,,0,0,297,47.0
DE62H7,DE62,85.8,0.0,1.0,1.0,0.801,0.0,0.0,0,0.0,,0,0,14,46.0
DE62H8,DE62,388.9,0.0,1.0,1.0,0.628,0.0,0.0,0,0.0,,30,29,60,45.0
DE62H9,DE62,371.0,0.0,1.0,0.722,0.657,0.0,0.0,0,0.0,,103,39,192,47.0
DE64H0,DE64,290.6,0.0,1.0,0.38,0.513,0.0,0.0,7,0.0,,675,8,1203,42.0
DE64H1,DE64,389.0,0.0,1.0,1.0,0.668,0.0,0.0,0,0.1,0.323,26,26,52,45.0
DE64H2,DE64,395.2,0.0,1.0,1.0,0.487,0.0,0.0,0,181.4,0.478,4,4,8,38.0
DE64H3,DE64,383.4,0.006,1.0,0.596,0.673,0.0,0.0,2,352.5,0.375,61,6,100,39.0
DE64H4,DE64,385.1,0.0,1.0,0.743,0.38,0.0,0.0,0,399.2,0.406,31,17,48,31.0
DE64H5,DE64,394.9,0.0,1.0,1.0,0.505,0.0,0.0,0,399.2,0.408,11,8,14,39.0
DE64H6,DE64,380.3,0.0,1.0,0.67,0.539,0.0,0.0,1,399.2,0.465,86,4,156,41.0
DE64H7,DE64,383.7,0.0,1.0,0.757,0.515,0.0,0.0,0,399.2,0.522,68,15,107,39.0
DE64H8,DE64,394.2,0.0,1.0,1.0,0.389,0.0,0.0,0,399.2,0.522,3,3,6,35.0
DE64H9,DE64,387.7,0.0,1.0,1.0,0.711,0.0,0.0,0,43.7,0.381,0,0,0,43.0
DE66H0,DE66,360.7,0.0,1.0,1.0,0.71,0.0,0.0,0,0.0,,26,22,53,46.0
DE66H1,DE66,353.4,0.0,1.0,1.0,0.504,0.0,0.0,0,0.0,,0,0,77,43.0
DE66H2,DE66,193.8,0.0,1.0,1.0,0.271,0.0,0.0,0,0.0,,0,0,820,52.0
DE62K7,DE62,362.2,0.0,1.0,1.0,0.557,0.0,0.0,0,0.0,,0,0,2,39.0
DE62K8,DE62,340.8,0.0,1.0,1.0,0.765,0.0,0.0,0,0.0,,0,0,3,44.0
DE62K9,DE62,383.9,0.0,1.0,0.926,0.671,0.0,0.0,0,0.0,,0,0,94,46.0
DE64K0,DE64,379.3,0.0,1.0,0.403,0.611,0.0,0.0,1,0.0,,2,2,141,35.0
DE64K1,DE64,397.6,0.0,1.0,1.0,0.738,0.0,0.0,0,0.0,,0,0,14,44.0
DE64K2,DE64,395.5,0.0,1.0,1.0,0.616,0.0,0.0,0,0.0,,11,8,22,42.0
DE64K3,DE64,382.6,0.0,1.0,0.746,0.502,0.0,0.0,0,75.8,0.452,81,28,142,41.0
DE64K4,DE64,398.8,0.0,1.0,0.997,0.48,0.0,0.0,0,260.2,0.373,1,1,1,37.0
DE64K5,DE64,397.4,0.0,1.0,1.0,0.574,0.0,0.0,0,329.2,0.43,2,2,6,40.0
DE64K6,DE64,398.0,0.0,1.0,1.0,0.564,0.0,0.0,0,397.5,0.492,0,0,0,39.0
DE64K7,DE64,397.5,0.0,1.0,1.0,0.657,0.0,0.0,0,399.2,0.588,0,0,0,41.0
DE64K8,DE64,388.0,0.0,1.0,1.0,0.513,0.0,0.0,0,299.7,0.555,11,5,17,39.0
DE64K9,DE64,376.0,0.0,1.0,1.0,0.61,0.0,0.0,0,32.6,0.46,44,3,65,45.0
DE66K0,DE66,398.3,0.0,1.0,1.0,0.608,0.0,0.0,0,0.0,,0,0,0,40.0
DE66K1,DE66,385.1,0.0,1.0,1.0,0.311,0.0,0.0,0,0.0,,0,0,47,36.0
DE66K2,DE66,189.0,0.0,1.0,1.0,0.289,0.0,0.0,0,0.0,,0,0,545,52.0
DE62L7,DE62,389.8,0.0,1.0,1.0,0.592,0.0,0.0,0,0.0,,0,0,7,40.0
DE62L8,DE62,395.2,0.0,1.0,1.0,0.741,0.0,0.0,0,0.0,,0,0,2,44.0
DE62L9,DE62,399.5,0.0,1.0,1.0,0.85,0.0,0.0,0,0.0,,0,0,0,46.0
DE64L0,DE64,397.3,0.0,1.0,1.0,0.893,0.0,0.0,0,0.0,,0,0,0,47.0
DE64L1,DE64,387.3,0.0,1.0,1.0,0.694,0.0,0.0,0,0.0,,0,0,69,47.0
DE64L2,DE64,392.2,0.0,1.0,0.884,0.751,0.0,0.0,0,0.0,,4,4,7,41.0
DE64L3,DE64,353.8,0.0,1.0,0.106,0.296,0.0,0.0,4,0.0,,186,12,297,30.0
DE64L4,DE64,396.8,0.0,1.0,0.959,0.452,0.0,0.0,0,0.0,,2,2,5,36.0
DE64L5,DE64,396.2,0.0,1.0,1.0,0.504,0.0,0.0,0,0.5,0.363,1,1,1,38.0
DE64L6,DE64,375.7,0.0,1.0,0.829,0.638,0.0,0.0,0,62.1,0.501,30,14,49,40.0
DE64L7,DE64,356.6,0.0,1.0,0.699,0.563,0.0,0.0,0,158.9,0.587,14,14,31,34.0
DE64L8,DE64,325.0,0.0,1.0,0.689,0.319,0.0,0.0,2,20.5,0.477,44,27,77,30.0
DE64L9,DE64,309.4,0.0,1.0,1.0,0.171,0.0,0.0,0,0.0,,84,36,152,39.0
DE66L0,DE66,363.7,0.0,1.0,0.8,0.322,0.0,0.0,0,0.0,,0,0,198,41.0
DE66L1,DE66,343.9,0.0,1.0,0.96,0.325,0.0,0.0,0,0.0,,0,0,236,48.0
DE66L2,DE66,309.5,0.0,1.0,1.0,0.243,0.0,0.0,0,0.0,,0,0,133,40.0
DE82A7,DE82,373.4,0.0,1.0,1.0,0.398,0.0,0.0,0,0.0,,0,0,100,42.0
DE82A8,DE82,386.3,0.0,1.0,1.0,0.579,0.0,0.0,0,0.0,,0,0,28,41.0
DE82A9,DE82,398.8,0.0,1.0,1.0,0.498,0.0,0.0,0,0.0,,0,0,1,38.0
DE84A0,DE84,394.6,0.0,1.0,1.0,0.587,0.0,0.0,0,0.0,,0,0,37,42.0
DE84A1,DE84,389.0,0.0,1.0,1.0,0.731,0.0,0.0,0,0.0,,0,0,54,47.0
DE84A2,DE84,369.6,0.0,1.0,1.0,0.507,0.0,0.0,0,0.0,,42,20,90,44.0
DE84A3,DE84,377.0,0.0,1.0,0.977,0.543,0.0,0.0,0,0.0,,31,31,55,42.0
DE84A4,DE84,399.0,0.0,1.0,1.0,0.739,0.0,0.0,0,0.0,,0,0,2,44.0
DE84A5,DE84,395.9,0.0,1.0,1.0,0.653,0.0,0.0,0,0.0,,4,4,2,41.0
DE84A6,DE84,321.4,0.0,1.0,0.773,0.278,0.0,0.0,1,0.0,,91,16,165,37.0
DE84A7,DE84,272.0,0.0,1.0,0.139,0.369,0.0,0.0,4,0.0,,748,32,1119,33.0
DE84A8,DE84,333.7,0.0,1.0,0.586,0.338,0.0,0.0,1,0.0,,157,15,245,39.0
DE84A9,DE84,395.4,0.0,1.0,1.0,0.427,0.0,0.0,0,0.0,,3,3,9,36.0
DE86A0,DE86,375.4,0.0,1.0,0.633,0.696,0.0,0.0,1,0.0,,0,0,137,42.0
DE86A1,DE86,359.2,0.0,1.0,0.878,0.687,0.0,0.0,0,0.0,,0,0,52,43.0
DE86A2,DE86,229.5,0.0,1.0,1.0,0.319,0.0,0.0,0,0.0,,0,0,17,34.0
DE82B7,DE82,379.4,0.0,1.0,1.0,0.65,0.0,0.0,0,0.0,,0,0,93,47.0
DE82B8,DE82,396.1,0.0,1.0,1.0,0.747,0.0,0.0,0,0.0,,0,0,7,44.0
DE82B9,DE82,392.6,0.0,1.0,1.0,0.654,0.0,0.0,0,0.0,,0,0,33,44.0
DE84B0,DE84,394.2,0.0,1.0,1.0,0.77,0.0,0.0,0,0.0,,0,0,26,46.0
DE84B1,DE84,357.1,0.0,1.0,1.0,0.6,0.0,0.0,0,0.0,,0,0,241,56.0
DE84B2,DE84,336.0,0.0,1.0,1.0,0.285,0.0,0.0,0,0.0,,4,2,164,43.0
DE84B3,DE84,378.9,0.0,1.0,1.0,0.527,0.0,0.0,0,0.0,,0,0,108,45.0
DE84B4,DE84,380.6,0.0,1.0,1.0,0.423,0.0,0.0,0,0.0,,0,0,109,43.0
DE84B5,DE84,309.0,0.0,1.0,1.0,0.328,0.0,0.0,0,0.0,,237,35,386,53.0
DE84B6,DE84,146.7,0.0,1.0,0.96,0.008,0.0,0.0,0,0.0,,144,32,309,44.0
DE84B7,DE84,308.1,0.0,1.0,0.21,0.016,0.0,0.0,1,0.0,,174,18,300,26.0
DE84B8,DE84,134.4,0.0,1.0,1.0,0.074,0.0,0.0,0,0.0,,123,7,252,44.0
DE84B9,DE84,300.9,0.0,1.0,1.0,0.24,0.0,0.0,0,0.0,,0,0,51,34.0
DE86B0,DE86,376.0,0.0,1.0,0.998,0.477,0.0,0.0,0,0.0,,0,0,1,37.0
DE86B1,DE86,352.2,0.0,1.0,1.0,0.467,0.0,0.0,0,0.0,,0,0,16,38.0
DE86B2,DE86,387.6,0.023,1.0,1.0,0.206,0.0,0.0,0,0.0,,0,0,0,31.0
DE82C7,DE82,347.8,0.0,1.0,1.0,0.601,0.0,0.0,0,0.0,,0,0,174,52.0
DE82C8,DE82,286.5,0.0,1.0,1.0,0.669,0.0,0.0,0,0.0,,0,0,654,62.0
DE82C9,DE82,356.6,0.0,1.0,1.0,0.429,0.0,0.0,0,0.0,,0,0,79,41.0
DE84C0,DE84,371.6,0.0,1.0,1.0,0.435,0.0,0.0,0,0.0,,0,0,39,38.0
DE84C1,DE84,286.3,0.0,1.0,1.0,0.315,0.0,0.0,0,0.0,,0,0,837,53.0
DE84C2,DE84,189.6,0.0,1.0,0.984,0.292,0.0,0.0,0,0.0,,0,0,561,52.0
DE84C3,DE84,212.5,0.0,1.0,0.382,0.106,0.0,0.0,1,0.0,,0,0,678,32.0
DE84C4,DE84,265.2,0.0,1.0,1.0,0.068,0.0,0.0,0,0.0,,0,0,399,47.0
DE84C5,DE84,262.2,0.0,1.0,1.0,0.086,0.0,0.0,0,0.0,,11,7,175,39.0
DE84C6,DE84,258.8,0.0,1.0,0.924,0.055,0.0,0.0,0,0.0,,90,32,378,44.0
DE84C7,DE84,327.3,0.0,1.0,0.462,0.077,0.0,0.0,1,0.0,,27,16,415,33.0
DE84C8,DE84,365.8,0.0,1.0,1.0,0.247,0.0,0.0,0,0.0,,0,0,149,41.0
DE84C9,DE84,167.9,0.0,1.0,1.0,0.228,0.0,0.0,0,0.0,,0,0,780,51.0
DE86C0,DE86,333.3,0.0,1.0,0.374,0.395,0.0,0.0,2,0.0,,0,0,245,36.0
DE86C1,DE86,155.4,0.0,1.0,0.839,0.001,0.0,0.0,0,0.0,,0,0,93,27.0
DE86C2,DE86,106.9,0.0,1.0,1.0,0.033,0.0,0.0,0,0.0,,0,0,420,46.0
DE82D7,DE82,269.7,0.523,1.0,1.0,0.312,0.0,0.0,0,0.0,,0,0,19,50.0
DE82D8,DE82,268.0,0.421,1.0,1.0,0.381,0.0,0.0,0,0.0,,0,0,82,53.0
DE82D9,DE82,197.5,0.112,1.0,1.0,0.474,0.0,0.0,0,0.0,,0,0,18,41.0
DE84D0,DE84,334.6,0.341,1.0,1.0,0.51,0.0,0.0,0,0.0,,0,0,4,48.0
DE84D1,DE84,277.4,0.416,1.0,1.0,0.079,0.0,0.0,0,0.0,,0,0,51,43.0
DE84D2,DE84,317.7,0.265,1.0,1.0,0.012,0.0,0.0,0,0.0,,0,0,211,47.0
DE84D3,DE84,369.3,0.344,1.0,0.968,0.008,0.0,0.0,0,0.0,,0,0,22,36.0
DE84D4,DE84,183.4,0.067,1.0,1.0,0.0,0.0,0.0,0,0.0,,0,0,148,37.0
DE84D5,DE84,22.0,0.0,1.0,1.0,0.0,0.0,0.0,0,0.0,,0,0,117,
DE84D6,DE84,0.8,0.0,1.0,0.286,0.0,0.0,0.0,0,0.0,,0,0,113,
DE84D7,DE84,22.6,0.0,1.0,0.399,0.0,0.0,0.0,0,0.0,,0,0,293,
DE84D8,DE84,70.5,0.0,1.0,1.0,0.0,0.0,0.0,0,0.0,,0,0,216,39.0
DE84D9,DE84,166.4,0.024,1.0,1.0,0.099,0.0,0.0,0,0.0,,0,0,89,34.0
DE86D0,DE86,59.5,0.025,1.0,0.817,0.028,0.0,0.0,0,0.0,,0,0,313,42.0
